{
    "meta": {
        "schema": "1.0",
        "version": "1.0",
        "name": "ACM Blueprint",
        "description": "",
        "requires": {
            "wordpress": "5.9.2",
            "acm": "0.15.0"
        }
    },
    "models": [],
    "taxonomies": [],
    "posts": {
        "4747": {
            "ID": 4747,
            "post_author": "2",
            "post_date": "2023-06-01 17:26:05",
            "post_date_gmt": "2023-04-03 17:09:05",
            "post_content": "",
            "post_title": "Store Info",
            "post_excerpt": "",
            "post_status": "publish",
            "comment_status": "closed",
            "ping_status": "closed",
            "post_password": "",
            "post_name": "4747",
            "to_ping": "",
            "pinged": "",
            "post_modified": "2023-06-01 17:26:05",
            "post_modified_gmt": "2023-06-01 17:26:05",
            "post_content_filtered": "",
            "post_parent": 0,
            "menu_order": 2,
            "post_type": "nav_menu_item",
            "post_mime_type": "",
            "comment_count": "0",
            "filter": "raw",
            "ancestors": [],
            "page_template": "",
            "post_category": [],
            "tags_input": []
        },
        "4748": {
            "ID": 4748,
            "post_author": "2",
            "post_date": "2023-06-01 17:26:05",
            "post_date_gmt": "2023-04-03 17:09:05",
            "post_content": "",
            "post_title": "Docs",
            "post_excerpt": "",
            "post_status": "publish",
            "comment_status": "closed",
            "ping_status": "closed",
            "post_password": "",
            "post_name": "docs",
            "to_ping": "",
            "pinged": "",
            "post_modified": "2023-06-01 17:26:05",
            "post_modified_gmt": "2023-06-01 17:26:05",
            "post_content_filtered": "",
            "post_parent": 0,
            "menu_order": 4,
            "post_type": "nav_menu_item",
            "post_mime_type": "",
            "comment_count": "0",
            "filter": "raw",
            "ancestors": [],
            "page_template": "",
            "post_category": [],
            "tags_input": []
        },
        "4749": {
            "ID": 4749,
            "post_author": "2",
            "post_date": "2023-06-01 17:26:05",
            "post_date_gmt": "2023-04-03 17:09:05",
            "post_content": "",
            "post_title": "Shop",
            "post_excerpt": "",
            "post_status": "publish",
            "comment_status": "closed",
            "ping_status": "closed",
            "post_password": "",
            "post_name": "shop",
            "to_ping": "",
            "pinged": "",
            "post_modified": "2023-06-01 17:26:05",
            "post_modified_gmt": "2023-06-01 17:26:05",
            "post_content_filtered": "",
            "post_parent": 0,
            "menu_order": 3,
            "post_type": "nav_menu_item",
            "post_mime_type": "",
            "comment_count": "0",
            "filter": "raw",
            "ancestors": [],
            "page_template": "",
            "post_category": [],
            "tags_input": []
        },
        "4750": {
            "ID": 4750,
            "post_author": "2",
            "post_date": "2023-06-01 17:26:05",
            "post_date_gmt": "2023-04-03 17:09:05",
            "post_content": "",
            "post_title": "My Account",
            "post_excerpt": "",
            "post_status": "publish",
            "comment_status": "closed",
            "ping_status": "closed",
            "post_password": "",
            "post_name": "my-account",
            "to_ping": "",
            "pinged": "",
            "post_modified": "2023-06-01 17:26:05",
            "post_modified_gmt": "2023-06-01 17:26:05",
            "post_content_filtered": "",
            "post_parent": 0,
            "menu_order": 5,
            "post_type": "nav_menu_item",
            "post_mime_type": "",
            "comment_count": "0",
            "filter": "raw",
            "ancestors": [],
            "page_template": "",
            "post_category": [],
            "tags_input": []
        },
        "4751": {
            "ID": 4751,
            "post_author": "2",
            "post_date": "2023-06-01 17:26:05",
            "post_date_gmt": "2023-04-04 12:09:19",
            "post_content": " ",
            "post_title": "",
            "post_excerpt": "",
            "post_status": "publish",
            "comment_status": "closed",
            "ping_status": "closed",
            "post_password": "",
            "post_name": "4751",
            "to_ping": "",
            "pinged": "",
            "post_modified": "2023-06-01 17:26:05",
            "post_modified_gmt": "2023-06-01 17:26:05",
            "post_content_filtered": "",
            "post_parent": 0,
            "menu_order": 1,
            "post_type": "nav_menu_item",
            "post_mime_type": "",
            "comment_count": "0",
            "filter": "raw",
            "ancestors": [],
            "page_template": "",
            "post_category": [],
            "tags_input": []
        },
        "53": {
            "ID": 53,
            "post_author": "3",
            "post_date": "2022-09-12 13:59:30",
            "post_date_gmt": "2022-09-12 13:59:30",
            "post_content": "<!-- wp:columns -->\n<div class=\"wp-block-columns\"><!-- wp:column {\"className\":\"outer-blueprint-block outer-blueprint-hero\"} -->\n<div class=\"wp-block-column outer-blueprint-block outer-blueprint-hero\"><!-- wp:cover {\"url\":\"https:\/\/atlasshopify.wpengine.com\/wp-content\/uploads\/2023\/03\/blueprint-banner-scaled-1-1024x683-1.jpeg\",\"id\":4746,\"dimRatio\":50,\"isDark\":false} -->\n<div class=\"wp-block-cover is-light\"><span aria-hidden=\"true\" class=\"wp-block-cover__background has-background-dim\"><\/span><img class=\"wp-block-cover__image-background wp-image-4746\" alt=\"\" src=\"https:\/\/atlasshopify.wpengine.com\/wp-content\/uploads\/2023\/03\/blueprint-banner-scaled-1-1024x683-1.jpeg\" data-object-fit=\"cover\"\/><div class=\"wp-block-cover__inner-container\"><!-- wp:columns -->\n<div class=\"wp-block-columns\"><!-- wp:column {\"width\":\"100%\",\"backgroundColor\":\"white\",\"textColor\":\"black\",\"className\":\"inner-hero\"} -->\n<div class=\"wp-block-column inner-hero has-black-color has-white-background-color has-text-color has-background\" style=\"flex-basis:100%\"><!-- wp:heading {\"className\":\"wp-block-heading\"} -->\n<h2 class=\"wp-block-heading\">Atlas Shopify<\/h2>\n<!-- \/wp:heading -->\n\n<!-- wp:paragraph -->\n<p>Build your headless WordPress &amp; Shopify store with <br><a href=\"https:\/\/faustjs.org\/\" data-type=\"URL\" data-id=\"https:\/\/faustjs.org\/\">Faust.js<\/a> and the <a href=\"https:\/\/shopify.dev\/docs\/api\/storefront\">Shopify Storefront API <\/a><\/p>\n<!-- \/wp:paragraph -->\n\n<!-- wp:buttons -->\n<div class=\"wp-block-buttons\"><!-- wp:button {\"style\":{\"border\":{\"radius\":\"2px\"}}} -->\n<div class=\"wp-block-button\"><a class=\"wp-block-button__link wp-element-button\" href=\"\/shop\" style=\"border-radius:2px\">Shop Now<\/a><\/div>\n<!-- \/wp:button --><\/div>\n<!-- \/wp:buttons --><\/div>\n<!-- \/wp:column --><\/div>\n<!-- \/wp:columns --><\/div><\/div>\n<!-- \/wp:cover --><\/div>\n<!-- \/wp:column --><\/div>\n<!-- \/wp:columns -->",
            "post_title": "Home",
            "post_excerpt": "",
            "post_status": "publish",
            "comment_status": "closed",
            "ping_status": "closed",
            "post_password": "",
            "post_name": "home",
            "to_ping": "",
            "pinged": "",
            "post_modified": "2022-09-12 13:59:30",
            "post_modified_gmt": "2022-09-12 13:59:30",
            "post_content_filtered": "",
            "post_parent": 0,
            "menu_order": 0,
            "post_type": "page",
            "post_mime_type": "",
            "comment_count": "0",
            "filter": "raw",
            "ancestors": [],
            "page_template": "",
            "post_category": [],
            "tags_input": []
        },
        "55": {
            "ID": 55,
            "post_author": "2",
            "post_date": "2022-09-12 13:59:30",
            "post_date_gmt": "2022-09-12 13:59:30",
            "post_content": "<!-- wp:columns -->\n<div class=\"wp-block-columns\"><!-- wp:column {\"backgroundColor\":\"white\",\"textColor\":\"black\",\"className\":\"outer-blueprint-block\"} -->\n<div class=\"wp-block-column outer-blueprint-block has-black-color has-white-background-color has-text-color has-background\"><!-- wp:columns {\"textColor\":\"white\"} -->\n<div class=\"wp-block-columns has-white-color has-text-color\"><!-- wp:column {\"className\":\"inner-blueprint-content\"} -->\n<div class=\"wp-block-column inner-blueprint-content\"><!-- wp:heading {\"textAlign\":\"center\",\"textColor\":\"black\",\"className\":\"wp-block-heading\"} -->\n<h2 class=\"has-text-align-center wp-block-heading has-black-color has-text-color\">Visit Our Store<\/h2>\n<!-- \/wp:heading -->\n\n<!-- wp:paragraph {\"align\":\"center\",\"textColor\":\"black\"} -->\n<p class=\"has-text-align-center has-black-color has-text-color\">Learn about our shop details and policies.<\/p>\n<!-- \/wp:paragraph -->\n\n<!-- wp:html -->\n<iframe loading=\"lazy\" title=\"Our Location\" src=\"https:\/\/www.google.com\/maps\/embed?pb=!1m18!1m12!1m3!1d3470.5670865756474!2d-95.09152774886842!3d29.558099181973784!2m3!1f0!2f0!3f0!3m2!1i1024!2i768!4f13.1!3m3!1m2!1s0x86409da671292593%3A0xf684f098a7237a30!2sNASA+Mission+Control+Center!5e0!3m2!1sen!2sus!4v1560875318343!5m2!1sen!2sus\" width=\"100%\" height=\"560\" frameborder=\"0\" style=\"border:0\" allowfullscreen=\"\"><\/iframe>\n<!-- \/wp:html -->\n\n<!-- wp:columns -->\n<div class=\"wp-block-columns\"><!-- wp:column {\"textColor\":\"black\"} -->\n<div class=\"wp-block-column has-black-color has-text-color\"><!-- wp:heading {\"textAlign\":\"center\",\"level\":3,\"className\":\"wp-block-heading\"} -->\n<h3 class=\"has-text-align-center wp-block-heading\">Address<\/h3>\n<!-- \/wp:heading -->\n\n<!-- wp:paragraph {\"align\":\"center\"} -->\n<p class=\"has-text-align-center\">Startup Square<br>123 Block Ave<br>Austin, Texas 36521<\/p>\n<!-- \/wp:paragraph --><\/div>\n<!-- \/wp:column -->\n\n<!-- wp:column {\"textColor\":\"black\"} -->\n<div class=\"wp-block-column has-black-color has-text-color\"><!-- wp:heading {\"textAlign\":\"center\",\"level\":3,\"className\":\"wp-block-heading\"} -->\n<h3 class=\"has-text-align-center wp-block-heading\">Store Hours<\/h3>\n<!-- \/wp:heading -->\n\n<!-- wp:paragraph {\"align\":\"center\"} -->\n<p class=\"has-text-align-center\">Mon-Fri: 8am \u2013 5pm<br>Sat: 8am 9pm<br>Sun: 8am \u2013 2pm<\/p>\n<!-- \/wp:paragraph --><\/div>\n<!-- \/wp:column -->\n\n<!-- wp:column {\"textColor\":\"black\"} -->\n<div class=\"wp-block-column has-black-color has-text-color\"><!-- wp:heading {\"textAlign\":\"center\",\"level\":3,\"className\":\"wp-block-heading\"} -->\n<h3 class=\"has-text-align-center wp-block-heading\">Contact<\/h3>\n<!-- \/wp:heading -->\n\n<!-- wp:paragraph {\"align\":\"center\"} -->\n<p class=\"has-text-align-center\">Tel: 514-281-3821<br>Fax: 514-281-5210<br>sales@example.com<\/p>\n<!-- \/wp:paragraph --><\/div>\n<!-- \/wp:column --><\/div>\n<!-- \/wp:columns --><\/div>\n<!-- \/wp:column --><\/div>\n<!-- \/wp:columns --><\/div>\n<!-- \/wp:column --><\/div>\n<!-- \/wp:columns -->\n\n<!-- wp:spacer {\"height\":\"60px\"} -->\n<div style=\"height:60px\" aria-hidden=\"true\" class=\"wp-block-spacer\"><\/div>\n<!-- \/wp:spacer -->\n\n<!-- wp:columns {\"className\":\"outer-blueprint-block\"} -->\n<div class=\"wp-block-columns outer-blueprint-block\"><!-- wp:column -->\n<div class=\"wp-block-column\"><!-- wp:heading {\"textAlign\":\"center\",\"className\":\"wp-block-heading inner-blueprint-content\"} -->\n<h2 class=\"has-text-align-center wp-block-heading inner-blueprint-content\">Frequently Asked Questions<\/h2>\n<!-- \/wp:heading -->\n\n<!-- wp:columns {\"className\":\"inner-blueprint-content\"} -->\n<div class=\"wp-block-columns inner-blueprint-content\"><!-- wp:column -->\n<div class=\"wp-block-column\"><!-- wp:heading {\"textAlign\":\"center\",\"level\":3,\"className\":\"wp-block-heading\"} -->\n<h3 class=\"has-text-align-center wp-block-heading\">1. Are you currently hiring?<\/h3>\n<!-- \/wp:heading -->\n\n<!-- wp:paragraph {\"align\":\"center\"} -->\n<p class=\"has-text-align-center\">We are currently hiring for design and development roles. Please reach out to us at jobs@theawesomecreative.com for info!<\/p>\n<!-- \/wp:paragraph --><\/div>\n<!-- \/wp:column -->\n\n<!-- wp:column -->\n<div class=\"wp-block-column\"><!-- wp:heading {\"textAlign\":\"center\",\"level\":3,\"className\":\"wp-block-heading\"} -->\n<h3 class=\"has-text-align-center wp-block-heading\">2. What are your working hours?<\/h3>\n<!-- \/wp:heading -->\n\n<!-- wp:paragraph {\"align\":\"center\"} -->\n<p class=\"has-text-align-center\">We work 9am-6pm, Monday through Friday. Our support reps are available throughout the whole weekend.<\/p>\n<!-- \/wp:paragraph --><\/div>\n<!-- \/wp:column --><\/div>\n<!-- \/wp:columns -->\n\n<!-- wp:columns {\"className\":\"inner-blueprint-content\"} -->\n<div class=\"wp-block-columns inner-blueprint-content\"><!-- wp:column -->\n<div class=\"wp-block-column\"><!-- wp:heading {\"textAlign\":\"center\",\"level\":3,\"className\":\"wp-block-heading\"} -->\n<h3 class=\"has-text-align-center wp-block-heading\">3. Are you accepting new clients?<\/h3>\n<!-- \/wp:heading -->\n\n<!-- wp:paragraph {\"align\":\"center\"} -->\n<p class=\"has-text-align-center\">We\u2019re always looking for the opportunity to work on new and exciting products. Send us your project today!<\/p>\n<!-- \/wp:paragraph --><\/div>\n<!-- \/wp:column -->\n\n<!-- wp:column -->\n<div class=\"wp-block-column\"><!-- wp:heading {\"textAlign\":\"center\",\"level\":3,\"className\":\"wp-block-heading\"} -->\n<h3 class=\"has-text-align-center wp-block-heading\">4. Do you provide discounts?<\/h3>\n<!-- \/wp:heading -->\n\n<!-- wp:paragraph {\"align\":\"center\"} -->\n<p class=\"has-text-align-center\">Our work is priced according to the amount of work and value we provide on delivery. Discounts aren\u2019t necessary.<\/p>\n<!-- \/wp:paragraph --><\/div>\n<!-- \/wp:column --><\/div>\n<!-- \/wp:columns --><\/div>\n<!-- \/wp:column --><\/div>\n<!-- \/wp:columns -->\n\n<!-- wp:spacer {\"height\":\"60px\"} -->\n<div style=\"height:60px\" aria-hidden=\"true\" class=\"wp-block-spacer\"><\/div>\n<!-- \/wp:spacer -->\n\n<!-- wp:columns {\"style\":{\"color\":{\"background\":\"#eeeeeeed\"}},\"className\":\"outer-blueprint-block\"} -->\n<div class=\"wp-block-columns outer-blueprint-block has-background\" style=\"background-color:#eeeeeeed\"><!-- wp:column {\"className\":\"inner-blueprint-content\"} -->\n<div class=\"wp-block-column inner-blueprint-content\"><!-- wp:columns -->\n<div class=\"wp-block-columns\"><!-- wp:column -->\n<div class=\"wp-block-column\"><!-- wp:heading {\"textAlign\":\"center\",\"className\":\"wp-block-heading\"} -->\n<h2 class=\"has-text-align-center wp-block-heading\">Returning Your Product<\/h2>\n<!-- \/wp:heading -->\n\n<!-- wp:paragraph {\"align\":\"left\"} -->\n<p class=\"has-text-align-left\">Returning your product is really easy to do. We accept returns up to 30 days after your original purchase. Simply visit the contact page and fill out a return request and we\u2019ll process your return as soon as we receive the product.<\/p>\n<!-- \/wp:paragraph -->\n\n<!-- wp:list -->\n<ul><!-- wp:list-item -->\n<li>Visit the Contact page and fill out the Return Request Form.<\/li>\n<!-- \/wp:list-item -->\n\n<!-- wp:list-item -->\n<li>Send your product back to us.<\/li>\n<!-- \/wp:list-item -->\n\n<!-- wp:list-item -->\n<li>We\u2019ll process the return asap!<\/li>\n<!-- \/wp:list-item --><\/ul>\n<!-- \/wp:list --><\/div>\n<!-- \/wp:column -->\n\n<!-- wp:column -->\n<div class=\"wp-block-column\"><!-- wp:heading {\"textAlign\":\"center\",\"className\":\"wp-block-heading\"} -->\n<h2 class=\"has-text-align-center wp-block-heading\">Exchanging Your Product<\/h2>\n<!-- \/wp:heading -->\n\n<!-- wp:paragraph {\"align\":\"left\"} -->\n<p class=\"has-text-align-left\">Alternatively, you can exchange your product for a different product or for store credit. Simply visit the contact page and fill out an exchange request and we\u2019ll process your exchange as soon as we receive the product.<\/p>\n<!-- \/wp:paragraph -->\n\n<!-- wp:list -->\n<ul><!-- wp:list-item -->\n<li>Visit the Contact page and fill out the Exchange Request Form.<\/li>\n<!-- \/wp:list-item -->\n\n<!-- wp:list-item -->\n<li>Send your product back to us.<\/li>\n<!-- \/wp:list-item -->\n\n<!-- wp:list-item -->\n<li>We\u2019ll process the return asap!<\/li>\n<!-- \/wp:list-item --><\/ul>\n<!-- \/wp:list --><\/div>\n<!-- \/wp:column --><\/div>\n<!-- \/wp:columns --><\/div>\n<!-- \/wp:column --><\/div>\n<!-- \/wp:columns -->\n\n<!-- wp:columns -->\n<div class=\"wp-block-columns\"><!-- wp:column {\"className\":\"outer-blueprint-block\"} -->\n<div class=\"wp-block-column outer-blueprint-block\"><!-- wp:columns -->\n<div class=\"wp-block-columns\"><!-- wp:column -->\n<div class=\"wp-block-column\"><!-- wp:heading {\"textAlign\":\"center\",\"level\":3,\"className\":\"wp-block-heading\"} -->\n<h3 class=\"has-text-align-center wp-block-heading\">Free Shipping<\/h3>\n<!-- \/wp:heading -->\n\n<!-- wp:paragraph {\"align\":\"center\"} -->\n<p class=\"has-text-align-center\">We offer free domestic shipping with orders over $99. Just select the Standard Shipping option at checkout to redeem the free shipping.<\/p>\n<!-- \/wp:paragraph --><\/div>\n<!-- \/wp:column -->\n\n<!-- wp:column -->\n<div class=\"wp-block-column\"><!-- wp:heading {\"textAlign\":\"center\",\"level\":3,\"className\":\"wp-block-heading\"} -->\n<h3 class=\"has-text-align-center wp-block-heading\">Secure Checkout<\/h3>\n<!-- \/wp:heading -->\n\n<!-- wp:paragraph {\"align\":\"center\"} -->\n<p class=\"has-text-align-center\">Our checkout process is one of the most secure in the business. We offer secure checkout via Stripe and PayPal for your shopping convenience.<\/p>\n<!-- \/wp:paragraph --><\/div>\n<!-- \/wp:column -->\n\n<!-- wp:column -->\n<div class=\"wp-block-column\"><!-- wp:heading {\"textAlign\":\"center\",\"level\":3,\"className\":\"wp-block-heading\"} -->\n<h3 class=\"has-text-align-center wp-block-heading\">Product Warranty<\/h3>\n<!-- \/wp:heading -->\n\n<!-- wp:paragraph {\"align\":\"center\"} -->\n<p class=\"has-text-align-center\">We stand behind everything we do! If you\u2019re not satisfied with our products, visit the Contact page and let us know what we can do for you.<\/p>\n<!-- \/wp:paragraph --><\/div>\n<!-- \/wp:column --><\/div>\n<!-- \/wp:columns --><\/div>\n<!-- \/wp:column --><\/div>\n<!-- \/wp:columns -->\n\n<!-- wp:columns -->\n<div class=\"wp-block-columns\"><!-- wp:column -->\n<div class=\"wp-block-column\"><\/div>\n<!-- \/wp:column --><\/div>\n<!-- \/wp:columns -->\n\n<!-- wp:columns -->\n<div class=\"wp-block-columns\"><\/div>\n<!-- \/wp:columns -->",
            "post_title": "About",
            "post_excerpt": "",
            "post_status": "publish",
            "comment_status": "closed",
            "ping_status": "closed",
            "post_password": "",
            "post_name": "about",
            "to_ping": "",
            "pinged": "",
            "post_modified": "2022-09-12 13:59:30",
            "post_modified_gmt": "2022-09-12 13:59:30",
            "post_content_filtered": "",
            "post_parent": 0,
            "menu_order": 0,
            "post_type": "page",
            "post_mime_type": "",
            "comment_count": "0",
            "filter": "raw",
            "ancestors": [],
            "page_template": "default",
            "post_category": [],
            "tags_input": []
        }
    },
    "post_terms": {
        "4747": [
            {
                "term_id": 2,
                "name": "main-menu",
                "slug": "main-menu",
                "term_group": 0,
                "term_taxonomy_id": 2,
                "taxonomy": "nav_menu",
                "description": "",
                "parent": 0,
                "count": 5,
                "filter": "raw"
            }
        ],
        "4748": [
            {
                "term_id": 2,
                "name": "main-menu",
                "slug": "main-menu",
                "term_group": 0,
                "term_taxonomy_id": 2,
                "taxonomy": "nav_menu",
                "description": "",
                "parent": 0,
                "count": 5,
                "filter": "raw"
            }
        ],
        "4749": [
            {
                "term_id": 2,
                "name": "main-menu",
                "slug": "main-menu",
                "term_group": 0,
                "term_taxonomy_id": 2,
                "taxonomy": "nav_menu",
                "description": "",
                "parent": 0,
                "count": 5,
                "filter": "raw"
            }
        ],
        "4750": [
            {
                "term_id": 2,
                "name": "main-menu",
                "slug": "main-menu",
                "term_group": 0,
                "term_taxonomy_id": 2,
                "taxonomy": "nav_menu",
                "description": "",
                "parent": 0,
                "count": 5,
                "filter": "raw"
            }
        ],
        "4751": [
            {
                "term_id": 2,
                "name": "main-menu",
                "slug": "main-menu",
                "term_group": 0,
                "term_taxonomy_id": 2,
                "taxonomy": "nav_menu",
                "description": "",
                "parent": 0,
                "count": 5,
                "filter": "raw"
            }
        ]
    },
    "post_meta": {
        "4747": [
            {
                "meta_key": "_menu_item_type",
                "meta_value": "post_type"
            },
            {
                "meta_key": "_menu_item_menu_item_parent",
                "meta_value": "0"
            },
            {
                "meta_key": "_menu_item_object_id",
                "meta_value": "55"
            },
            {
                "meta_key": "_menu_item_object",
                "meta_value": "page"
            },
            {
                "meta_key": "_menu_item_target",
                "meta_value": ""
            },
            {
                "meta_key": "_menu_item_classes",
                "meta_value": "a:1:{i:0;s:6:\"a1i0s0\";}"
            },
            {
                "meta_key": "_menu_item_xfn",
                "meta_value": ""
            },
            {
                "meta_key": "_menu_item_url",
                "meta_value": ""
            },
            {
                "meta_key": "_wp_old_date",
                "meta_value": "2023-04-03"
            }
        ],
        "4748": [
            {
                "meta_key": "_menu_item_type",
                "meta_value": "custom"
            },
            {
                "meta_key": "_menu_item_menu_item_parent",
                "meta_value": "0"
            },
            {
                "meta_key": "_menu_item_object_id",
                "meta_value": "4748"
            },
            {
                "meta_key": "_menu_item_object",
                "meta_value": "custom"
            },
            {
                "meta_key": "_menu_item_target",
                "meta_value": ""
            },
            {
                "meta_key": "_menu_item_classes",
                "meta_value": "a:1:{i:0;s:6:\"a1i0s0\";}"
            },
            {
                "meta_key": "_menu_item_xfn",
                "meta_value": ""
            },
            {
                "meta_key": "_menu_item_url",
                "meta_value": "https:\/\/developers.wpengine.com"
            },
            {
                "meta_key": "_wp_old_date",
                "meta_value": "2023-04-03"
            }
        ],
        "4749": [
            {
                "meta_key": "_menu_item_type",
                "meta_value": "custom"
            },
            {
                "meta_key": "_menu_item_menu_item_parent",
                "meta_value": "0"
            },
            {
                "meta_key": "_menu_item_object_id",
                "meta_value": "4749"
            },
            {
                "meta_key": "_menu_item_object",
                "meta_value": "custom"
            },
            {
                "meta_key": "_menu_item_target",
                "meta_value": ""
            },
            {
                "meta_key": "_menu_item_classes",
                "meta_value": "a:1:{i:0;s:6:\"a1i0s0\";}"
            },
            {
                "meta_key": "_menu_item_xfn",
                "meta_value": ""
            },
            {
                "meta_key": "_menu_item_url",
                "meta_value": "\/shop"
            },
            {
                "meta_key": "_wp_old_date",
                "meta_value": "2023-04-03"
            }
        ],
        "4750": [
            {
                "meta_key": "_menu_item_type",
                "meta_value": "custom"
            },
            {
                "meta_key": "_menu_item_menu_item_parent",
                "meta_value": "0"
            },
            {
                "meta_key": "_menu_item_object_id",
                "meta_value": "4750"
            },
            {
                "meta_key": "_menu_item_object",
                "meta_value": "custom"
            },
            {
                "meta_key": "_menu_item_target",
                "meta_value": ""
            },
            {
                "meta_key": "_menu_item_classes",
                "meta_value": "a:1:{i:0;s:6:\"a1i0s0\";}"
            },
            {
                "meta_key": "_menu_item_xfn",
                "meta_value": ""
            },
            {
                "meta_key": "_menu_item_url",
                "meta_value": "https:\/\/accounts.shopify.com\/"
            },
            {
                "meta_key": "_wp_old_date",
                "meta_value": "2023-04-03"
            }
        ],
        "4751": [
            {
                "meta_key": "_menu_item_type",
                "meta_value": "post_type"
            },
            {
                "meta_key": "_menu_item_menu_item_parent",
                "meta_value": "0"
            },
            {
                "meta_key": "_menu_item_object_id",
                "meta_value": "53"
            },
            {
                "meta_key": "_menu_item_object",
                "meta_value": "page"
            },
            {
                "meta_key": "_menu_item_target",
                "meta_value": ""
            },
            {
                "meta_key": "_menu_item_classes",
                "meta_value": "a:1:{i:0;s:6:\"a1i0s0\";}"
            },
            {
                "meta_key": "_menu_item_xfn",
                "meta_value": ""
            },
            {
                "meta_key": "_menu_item_url",
                "meta_value": ""
            },
            {
                "meta_key": "_wp_old_date",
                "meta_value": "2023-04-04"
            }
        ],
        "53": [
            {
                "meta_key": "_wp_page_template",
                "meta_value": ""
            },
            {
                "meta_key": "_wp_desired_post_slug",
                "meta_value": "home"
            }
        ],
        "55": [
            {
                "meta_key": "_wp_page_template",
                "meta_value": "default"
            },
            {
                "meta_key": "_wp_desired_post_slug",
                "meta_value": "about"
            }
        ]
    },
    "media": [],
    "relationships": [],
    "wp-options": {
        "category_base": "",
        "permalink_structure": "\/%postname%\/",
        "nav_menu_options": {
            "0": false,
            "auto_add": [
                2
            ]
        },
        "theme_mods_twentytwentythree": {
            "custom_css_post_id": -1,
            "wp_classic_sidebars": [],
            "nav_menu_locations": {
                "primary": 2
            },
            "sidebars_widgets": {
                "time": 1685640332,
                "data": {
                    "wp_inactive_widgets": [
                        "block-2",
                        "block-3",
                        "block-4",
                        "block-5",
                        "block-6"
                    ]
                }
            }
        },
        "current_theme": "Twenty Twenty-Three",
        "stylesheet": "twentytwentythree",
        "template": "twentytwentythree",
        "page_on_front": "53",
        "show_on_front": "page"
    }
}